Square_Feet,Bedrooms,Bathrooms,Age_Years,Price
2098,4,4,30,506000
1717,4,4,18,443500
2188,3,3,48,472000
2713,5,4,45,606500
1659,2,2,18,388500
1659,2,2,21,403500
2747,4,4,23,640500
2260,3,3,44,526000
1518,3,3,11,386500
2125,3,3,29,497500
1521,3,3,37,402000
1520,3,3,30,373500
1945,3,4,35,466500
652,1,1,18,152500
765,1,2,47,229000
1462,3,3,44,363000
1192,2,2,35,320500
1988,3,3,29,471000
1255,2,2,48,294000
952,2,2,32,224500
2679,3,3,17,552000
1664,3,3,48,332000
1840,3,3,27,430000
945,2,3,46,326000
1473,2,3,10,353500
1866,2,2,44,334000
1109,1,1,32,280500
2025,3,3,16,542500
1439,3,3,5,407000
1624,2,2,3,405500
1438,3,3,19,379000
2911,4,3,47,567500
1791,3,3,46,383000
1165,1,2,26,281000
2293,3,3,14,515500
1067,2,3,5,322500
1925,3,2,46,443500
624,1,1,13,181500
1003,2,2,10,313500
1918,3,3,38,432500
2243,4,4,8,584500
1902,2,2,25,425000
1730,3,3,15,426500
1619,4,3,4,446000
912,1,1,9,238500
1368,2,2,49,318500
1523,3,3,2,435000
2434,4,3,12,565500
2006,4,4,42,481000
742,1,2,48,173500
1994,3,2,29,463500
1568,3,3,44,394000
1393,3,3,5,363000
2167,4,4,16,560000
2418,4,3,44,506500
2358,4,3,50,547000
1296,2,2,18,349500
1614,2,2,41,373000
1998,4,4,34,486500
2385,4,3,45,544500
1512,3,3,25,420500
1688,4,2,50,411000
1136,2,2,4,302500
1082,2,1,28,277500
2287,5,4,36,584000
2613,4,3,19,645000
1756,2,1,48,355500
2402,3,3,20,562000
2016,2,2,9,484000
1412,2,2,4,343000
2016,3,3,35,509500
2722,5,4,5,626500
1778,3,3,25,456000
2738,4,3,3,632000
550,1,2,38,181000
2293,2,2,38,537500
1852,3,2,49,400500
1620,3,3,34,394500
1855,2,3,0,489000
607,2,2,23,236500
1668,3,3,35,441500
2014,3,3,5,494500
2686,5,4,40,623500
1489,4,4,45,452500
1314,2,2,43,291500
1498,3,3,30,384000
2349,4,4,19,585500
1997,3,3,23,468000
1482,3,3,24,375500
2107,3,3,35,495000
1858,3,3,20,486500
2381,4,3,29,540500
1378,3,3,23,369500
1603,3,3,43,375500
1564,3,3,41,380000
921,1,1,29,256500
1977,3,3,21,473500
1956,3,2,27,424500
1803,3,3,6,463500
1659,3,3,34,435000
950,2,2,27,254500
1547,2,1,13,325500
1594,3,4,9,493500
1318,3,3,15,337000
1703,3,3,15,424000
2042,5,4,30,527500
2931,4,4,41,632000
1904,2,2,24,422000
1954,2,2,12,457500
1755,4,4,5,423500
648,1,1,43,141500
1784,3,3,8,453500
1836,3,3,44,418000
3277,5,4,35,718000
1684,4,4,42,444500
1980,3,3,19,421000
1779,3,4,17,493000
1098,2,2,42,266500
2485,4,4,20,565000
2251,4,4,3,569500
2274,3,3,49,496500
1254,2,2,32,343000
2641,5,4,26,628000
958,2,2,6,318000
2152,5,4,5,538500
3114,5,4,14,711000
1205,1,1,17,257500
1460,2,2,31,349000
1859,3,3,10,459500
1497,3,3,19,392500
869,1,1,23,222500
1841,4,4,14,507500
1162,2,3,47,262500
2084,3,3,6,479500
1248,1,1,20,288500
2729,4,4,41,577500
1330,3,3,25,365500
1606,3,2,43,373000
2288,3,3,13,493500
1061,1,2,36,227000
1936,3,3,20,400000
2584,5,4,17,589500
835,1,1,4,238500
1910,2,2,2,448500
1955,3,3,22,472000
2269,4,4,25,528000
1057,1,1,36,244500
1007,2,1,23,273500
2113,3,3,48,437000
1978,4,3,18,492500
1950,4,3,50,472500
2007,4,3,24,476500
1391,2,2,20,372000
1939,3,2,11,444500
1975,5,4,40,480500
1371,2,2,32,345500
2919,5,4,49,696000
2084,3,4,3,525000
1085,2,2,41,293500
2193,4,3,6,522000
1215,2,1,21,267500
2272,3,4,32,531000
2495,4,3,16,582000
1307,2,1,23,302500
2378,4,4,33,573500
2047,3,4,27,479000
2293,4,4,42,513500
2938,5,4,40,682500
1652,1,1,38,365000
1347,3,3,21,355000
1266,3,3,48,376500
1310,1,1,16,296000
1753,3,3,33,427000
2004,3,3,5,488000
1966,2,2,45,428000
2296,3,3,5,543500
1807,2,1,33,389000
2672,5,4,0,624000
1641,3,2,9,368000
3432,5,4,20,781500
2175,4,4,4,538000
1285,1,2,1,329500
1157,2,2,21,315500
2089,4,3,47,521500
1665,2,2,1,410500
2228,4,4,9,545500
2083,3,2,33,446500
1756,3,3,15,440500
1291,3,3,47,315500
891,2,2,50,239500
1532,2,2,38,350500
2313,5,4,21,614000
1928,3,3,11,470500
1052,2,2,23,240500
1903,4,3,46,519000
2031,3,3,39,488000
1269,2,2,37,363000
1892,2,2,9,406500
1834,4,4,34,464500
1114,2,3,50,309000
2014,3,3,48,466500
2136,4,3,31,510500
2449,4,4,6,538500
2432,3,3,20,502500
973,1,1,19,284500
1237,2,2,25,359000
2109,3,2,3,488000
2108,5,4,45,553500
2109,2,1,21,416000
4111,5,4,14,847500
2142,4,3,39,469000
2481,4,3,20,546500
2372,4,3,14,574000
2190,4,4,21,517000
1610,3,3,27,463500
2255,4,4,13,567500
1336,2,2,26,358500
1657,3,3,40,415500
1508,2,2,39,377500
1849,3,4,27,442000
3188,5,4,25,746000
679,1,1,48,177000
2211,3,3,1,557000
832,2,2,24,216500
1516,3,3,2,419500
2453,4,3,7,579000
1838,3,3,43,414000
1153,2,2,32,304500
1370,2,2,41,362000
2207,3,4,34,497000
1361,2,2,5,378500
1929,3,2,38,402500
1827,3,3,22,499500
1409,1,2,24,349500
3086,5,4,49,715000
2180,4,4,42,535000
584,1,2,18,213000
1911,4,3,4,511000
1402,3,3,50,350000
2311,4,4,10,527500
1324,1,1,11,321000
1731,2,2,9,391000
2102,3,3,7,476500
2319,4,3,23,555000
1079,2,2,27,282500
1599,2,2,40,386500
1515,3,3,35,365000
1408,2,2,36,322000
2859,4,4,20,675000
2042,3,2,7,483500
1043,1,1,8,230500
2350,3,3,46,515000
3073,5,3,14,720000
2419,5,4,47,555000
888,1,2,45,242500
1509,4,3,39,374000
2560,5,4,17,613000
1375,2,2,41,351500
2066,3,2,19,475000
2264,4,3,5,579000
1243,2,2,11,340500
1764,3,3,1,511000
550,2,2,6,184500
1185,2,2,15,311500
1648,3,3,2,409000
1051,1,1,44,211000
2779,5,4,2,639500
941,3,2,26,287500
1535,2,2,49,348000
1878,4,4,42,480500
2664,5,4,39,585000
938,1,1,37,216500
2497,5,4,32,568500
1806,4,3,27,477000
1211,2,2,0,313000
2077,3,3,7,494500
1919,3,4,36,480500
1439,2,2,31,328000
1841,3,3,47,443500
1568,3,3,42,427000
1868,3,3,36,445000
2197,3,3,3,545500
2751,5,4,29,584000
1057,2,2,5,295000
3079,5,4,45,679000
628,2,1,18,181000
1708,3,2,31,406500
2152,4,4,8,570500
1968,3,2,11,414000
1426,1,1,10,297500
1675,3,3,45,406000
1504,3,4,15,430500
1446,3,3,0,424000
2309,3,3,44,506500
2014,3,3,20,490000
1384,3,3,29,392000
2339,4,4,12,560000
1984,4,3,33,461500
2287,4,4,3,566000
2177,4,4,27,536000
1302,3,2,37,314500
1463,2,2,30,338000
2248,4,3,26,535000
2166,3,2,4,503000
1787,3,3,24,433500
1870,3,2,2,410000
2566,4,4,32,588500
1445,2,2,3,345000
2128,4,4,24,550500
1678,2,2,19,384500
1669,3,3,33,386500
2459,4,4,25,576500
2295,5,4,4,617500
2288,4,4,34,558500
2583,5,4,27,616500
1812,2,1,28,354500
2209,4,3,8,576000
1613,3,3,37,383000
1994,3,3,49,472500
1721,4,3,5,451500
1858,3,3,18,476000
2157,4,4,43,546000
1309,4,3,10,405500
3055,5,4,1,729000
1196,2,2,46,288500
1071,3,2,43,278000
2494,5,4,43,586000
2274,3,3,8,522000
2174,3,2,20,547500
2177,3,3,23,477000
1792,2,3,33,441000
1261,2,2,21,337000
1845,2,2,2,440000
1393,2,3,11,409000
2385,4,4,27,572000
1711,3,3,29,406000
1304,3,3,25,367500
1607,2,2,47,351000
2047,4,3,20,511000
1461,2,2,27,371000
1306,2,2,25,306000
1946,4,4,32,519500
1946,3,3,20,461000
1495,3,3,34,393500
1517,3,3,33,402500
1939,4,3,40,472500
931,2,1,50,224000
955,3,3,46,273000
1368,2,1,17,320000
1671,2,2,10,438500
1986,3,2,22,432500
2685,4,3,47,558500
2314,3,3,21,506500
1704,4,4,16,468500
1788,4,3,4,433500
1198,2,1,43,242000
1788,2,2,10,411500
1626,3,3,29,376000
1993,3,2,14,432000
1303,3,3,26,327000
2111,4,3,34,475000
2719,4,4,32,631500
1734,4,4,19,491000
2041,4,3,15,550000
2214,3,3,33,545500
1559,2,2,1,409000
1934,3,3,34,478500
1807,3,2,39,413500
1858,3,3,27,460000
1336,3,2,46,377000
1814,3,3,38,439500
2098,3,3,5,534000
2670,4,3,8,585500
2375,4,3,19,535000
3091,5,4,0,724500
1339,3,3,7,385500
2323,4,3,22,525500
1910,3,3,2,538000
3113,5,4,3,721500
1315,3,3,24,351500
1296,4,4,46,377000
1440,2,2,37,338500
550,1,2,14,206000
1484,3,3,20,353500
1344,3,3,34,390500
1890,4,4,45,502500
2005,4,4,13,553000
2925,5,4,35,666500
2370,4,4,11,593000
1453,3,2,16,352500
1260,3,3,38,362000
2095,4,3,8,523500
1007,2,3,34,278000
2898,5,4,12,696500
2507,5,4,14,633000
1518,3,3,17,403000
772,1,1,50,197500
2612,4,3,32,552500
1731,4,4,5,510500
2542,4,3,26,550000
843,2,2,22,238500
1440,2,2,26,349500
1803,3,3,33,460500
1828,4,4,45,487000
1529,3,3,37,385000
2173,4,3,13,544500
1159,1,1,35,219500
1714,3,3,7,424000
1872,4,3,34,440500
2108,5,4,18,574500
2226,4,4,29,553500
1125,2,2,13,314000
879,2,2,19,271500
2566,5,4,48,628500
1999,3,2,24,450000
1350,2,2,39,289000
2730,5,4,23,665500
1869,3,3,13,466000
2507,4,4,25,609500
1840,3,3,37,434000
3036,5,4,22,667000
2853,4,4,21,654500
1650,3,3,47,396000
2382,4,3,18,558500
2187,4,3,45,539000
2621,3,2,50,503000
1221,2,3,2,359500
2211,4,3,41,485500
2435,5,4,18,530500
744,1,1,8,218500
1090,1,1,27,259000
576,2,2,19,231500
1638,2,2,44,358000
2230,2,2,6,455000
2701,5,4,13,622000
1844,3,3,8,495000
2777,4,3,18,596000
971,2,3,46,312500
777,1,1,13,247000
1766,3,3,37,415500
2030,3,3,35,449000
1780,3,3,39,450000
559,1,1,16,177000
1746,3,2,29,370500
1017,3,3,8,343500
2201,3,2,32,490000
2019,2,2,24,471000
1236,2,2,13,336000
1491,2,2,10,357000
1164,2,2,34,328500
1762,3,3,40,454000
2373,4,4,13,581000
1208,1,1,29,276500
2102,4,4,40,474000
1481,2,2,3,360000
1324,3,2,3,384000
1735,3,3,27,413500
1178,2,2,7,287000
1467,3,3,1,495000
1081,2,2,40,241500
2978,5,4,45,714500
1821,4,3,21,454000
1380,2,2,40,323500
1928,4,3,15,467000
1732,3,3,28,445500
1667,4,4,48,394500
2168,3,3,47,432500
2254,5,4,29,597000
1481,2,2,11,348000
1454,2,2,34,361500
1634,3,3,10,399500
550,1,1,45,173000
890,2,2,49,281500
2620,4,4,20,595000
2786,4,3,20,568500
1650,2,2,4,443500
2145,3,3,47,498000
1986,2,2,19,430000
3647,5,4,36,767500
2471,5,4,2,588000
1723,3,3,43,446500
1226,2,2,32,295000
836,1,2,8,217000
1922,3,3,8,479500
1346,2,2,3,332000
946,1,2,34,221000
1412,3,2,16,357000
1151,2,1,33,279500
2812,5,4,23,616500
2328,4,4,31,586000
1795,3,3,0,478000
2687,3,4,7,606500
1846,3,3,44,407000
1283,2,2,22,324000
2713,4,4,46,622000
2123,3,4,39,515000
1177,3,4,11,397000
1685,3,3,11,421500
1274,2,2,45,231000
970,2,2,46,286000
